Odometer (KM),Doors,Price,Make_BMW,Make_Honda,Make_Nissan,Make_Toyota,Colour_Black,Colour_Blue,Colour_Green,Colour_Red,Colour_White
35431,4,15323,0,1,0,0,0,0,0,0,1
192714,5,19943,1,0,0,0,0,1,0,0,0
84714,4,28343,0,1,0,0,0,0,0,0,1
154365,4,13434,0,0,0,1,0,0,0,0,1
181577,3,14043,0,0,1,0,0,1,0,0,0
42652,4,23883,0,1,0,0,0,0,0,1,0
163453,4,8473,0,0,0,1,0,1,0,0,0
43120,4,20306,0,1,0,0,0,0,0,0,1
130538,4,9374,0,0,1,0,0,0,0,0,1
51029,4,26683,0,1,0,0,0,1,0,0,0
167421,4,16259,0,0,1,0,0,0,0,0,1
17119,4,6160,0,0,1,0,0,0,1,0,0
102303,4,16909,0,0,1,0,0,0,0,0,1
134181,4,11121,0,0,1,0,0,0,0,0,1
199833,4,18946,0,1,0,0,0,1,0,0,0
205592,4,16290,0,0,0,1,0,1,0,0,0
96742,4,34465,0,0,0,1,0,0,0,1,0
194189,5,17177,1,0,0,0,0,0,0,0,1
67991,3,9109,0,0,1,0,0,0,0,0,1
215820,4,6010,0,0,1,0,0,1,0,0,0
124844,4,24130,0,0,0,1,0,1,0,0,0
30615,4,29653,0,1,0,0,0,1,0,0,0
148744,4,22489,0,0,0,1,0,0,0,0,1
130075,4,21242,0,1,0,0,0,0,1,0,0
172718,4,14274,0,1,0,0,0,1,0,0,0
125819,4,15686,0,1,0,0,0,1,0,0,0
180390,4,13344,0,1,0,0,0,0,0,0,1
82783,4,10984,0,1,0,0,0,0,1,0,0
56687,4,6135,0,1,0,0,0,0,0,0,1
112004,4,13586,0,0,0,1,0,0,0,0,1
34024,4,23929,0,0,1,0,0,1,0,0,0
108569,4,6866,0,0,0,1,0,0,0,0,1
203795,4,9330,0,0,1,0,0,0,0,0,1
153554,3,9780,0,0,1,0,0,0,1,0,0
71949,4,17516,0,1,0,0,0,1,0,0,0
191622,4,8738,0,1,0,0,0,1,0,0,0
38186,4,23438,0,0,1,0,0,1,0,0,0
69888,4,15131,0,0,1,0,0,0,0,0,1
146430,3,9224,0,0,1,0,0,1,0,0,0
109868,4,6574,0,0,0,1,0,0,1,0,0
177894,4,9229,0,0,0,1,0,0,0,0,1
189209,4,7100,0,0,0,1,0,1,0,0,0
200490,4,6337,0,1,0,0,1,0,0,0,0
141617,4,19085,0,0,0,1,0,1,0,0,0
213893,4,5743,0,0,0,1,0,1,0,0,0
231057,4,5925,0,0,1,0,0,1,0,0,0
100938,4,25196,0,0,0,1,0,0,0,0,1
243969,4,16138,0,0,0,1,0,1,0,0,0
107096,3,6075,0,0,1,0,0,0,0,0,1
86333,4,9928,0,0,0,1,1,0,0,0,0
184878,4,7445,0,0,0,1,0,0,0,1,0
161068,4,13698,0,1,0,0,0,0,0,0,1
77646,4,17422,0,0,0,1,0,1,0,0,0
246817,4,8269,0,0,0,1,0,1,0,0,0
109384,4,9918,0,0,0,1,0,0,0,0,1
79937,5,48686,1,0,0,0,0,0,0,0,1
82039,4,15662,0,1,0,0,0,0,0,0,1
162176,5,19186,1,0,0,0,0,0,0,1,0
97375,4,11479,0,0,0,1,0,0,0,1,0
230908,4,12883,0,0,0,1,0,1,0,0,0
208124,5,24668,1,0,0,0,0,0,0,1,0
16933,4,12172,0,1,0,0,1,0,0,0,0
57198,4,25068,0,1,0,0,0,0,1,0,0
47019,4,20370,0,1,0,0,0,0,1,0,0
170085,4,5383,0,0,0,1,0,0,0,0,1
178796,5,18396,1,0,0,0,0,0,0,0,1
223390,4,9648,0,0,0,1,0,1,0,0,0
93054,4,6652,0,0,0,1,1,0,0,0,0
42459,4,6386,0,0,0,1,0,1,0,0,0
37513,5,32379,1,0,0,0,0,0,0,0,1
123121,4,22436,0,0,1,0,0,0,0,0,1
204213,4,6860,0,0,0,1,0,0,1,0,0
116986,4,5648,0,1,0,0,0,0,0,0,1
227262,4,12001,0,0,0,1,0,0,0,1,0
191232,4,18355,0,0,0,1,0,1,0,0,0
156478,4,20424,0,0,0,1,0,1,0,0,0
140465,4,15154,0,0,0,1,0,1,0,0,0
126669,4,18484,0,0,0,1,0,0,0,0,1
238425,4,6502,0,0,0,1,0,1,0,0,0
186146,4,18310,0,1,0,0,0,1,0,0,0
149879,4,8200,0,1,0,0,1,0,0,0,0
34097,4,20142,0,0,0,1,0,1,0,0,0
180021,3,13199,0,0,1,0,0,1,0,0,0
248447,4,5708,0,0,0,1,0,1,0,0,0
61651,4,13430,0,0,0,1,0,0,1,0,0
24219,3,10283,0,0,1,0,0,1,0,0,0
209359,4,3300,0,0,1,0,0,1,0,0,0
108415,4,20936,0,1,0,0,0,1,0,0,0
61892,4,18160,0,0,1,0,0,0,0,1,0
90249,4,35988,0,0,0,1,0,1,0,0,0
197844,4,5776,0,0,1,0,0,0,0,0,1
53765,4,18595,0,0,0,1,0,0,0,0,1
115183,4,6481,0,1,0,0,0,0,0,0,1
130783,4,6283,0,1,0,0,0,0,0,0,1
130076,4,6762,0,1,0,0,0,0,1,0,0
143707,4,16337,0,1,0,0,0,1,0,0,0
29856,4,11392,0,0,0,1,0,1,0,0,0
133433,4,16519,0,0,0,1,1,0,0,0,0
147455,4,22296,0,0,0,1,0,0,0,1,0
48069,4,12196,0,1,0,0,0,1,0,0,0
146233,4,14202,0,1,0,0,0,1,0,0,0
224657,4,13250,0,0,0,1,0,0,0,0,1
150582,4,7404,0,1,0,0,0,0,0,0,1
195787,4,5316,0,1,0,0,0,0,0,0,1
71329,4,10125,0,1,0,0,0,0,0,0,1
229206,4,13614,0,1,0,0,0,1,0,0,0
218803,4,13283,0,0,0,1,0,0,0,0,1
184869,4,11584,0,1,0,0,0,0,0,0,1
129769,3,15617,0,0,1,0,0,1,0,0,0
219217,4,4747,0,1,0,0,0,1,0,0,0
221050,4,6391,0,0,0,1,0,0,0,0,1
82726,4,17802,0,0,1,0,0,0,0,0,1
72122,4,22943,0,0,1,0,0,0,0,0,1
43149,4,19502,0,0,1,0,0,1,0,0,0
24077,4,15541,0,0,1,0,0,0,0,0,1
20714,4,30407,0,0,0,1,1,0,0,0,0
26979,4,35432,0,0,0,1,1,0,0,0,0
223889,4,10091,0,0,1,0,0,0,0,0,1
166938,4,11485,0,0,1,0,0,1,0,0,0
18394,5,50822,1,0,0,0,0,0,0,0,1
212081,3,11192,0,0,1,0,0,0,0,0,1
206073,4,3944,0,0,1,0,0,1,0,0,0
174008,4,19000,0,0,1,0,0,1,0,0,0
138274,4,7994,0,0,0,1,0,0,0,0,1
67364,4,15604,0,0,1,0,1,0,0,0,0
83784,4,11648,0,0,0,1,0,1,0,0,0
71805,4,35600,0,0,0,1,0,0,0,0,1
35807,5,17596,1,0,0,0,0,0,0,1,0
175777,4,13427,0,0,1,0,0,0,0,0,1
94818,4,35358,0,0,0,1,0,0,0,0,1
18994,4,7813,0,0,1,0,0,1,0,0,0
29689,4,8743,0,0,0,1,0,0,0,1,0
109013,4,10628,0,0,0,1,0,0,0,0,1
125802,4,4754,0,1,0,0,0,0,1,0,0
22788,4,6784,0,0,0,1,0,0,0,0,1
43981,4,17584,0,1,0,0,0,1,0,0,0
132055,4,10582,0,0,0,1,0,0,0,0,1
31677,4,21754,0,1,0,0,0,1,0,0,0
133195,4,14795,0,0,0,1,0,0,0,1,0
137233,4,8809,0,1,0,0,0,1,0,0,0
179666,4,19258,0,0,1,0,0,1,0,0,0
80378,4,34133,0,0,0,1,0,0,0,0,1
21393,4,20490,0,1,0,0,0,0,0,0,1
41554,4,31536,0,0,1,0,0,1,0,0,0
98886,5,30412,1,0,0,0,0,1,0,0,0
123923,4,14986,0,0,1,0,0,0,0,0,1
148949,3,23074,1,0,0,0,0,0,0,0,1
103909,4,4566,0,0,0,1,0,1,0,0,0
50604,4,10038,0,0,0,1,0,0,0,0,1
168432,4,20497,0,0,0,1,0,0,1,0,0
129188,4,8071,0,0,1,0,0,0,0,0,1
223416,4,10707,0,1,0,0,0,0,0,1,0
66538,4,6197,0,0,0,1,0,0,0,0,1
149042,3,10835,0,0,1,0,0,0,1,0,0
149347,3,5332,0,0,1,0,0,0,0,0,1
39267,5,19106,1,0,0,0,0,0,0,0,1
150826,4,12392,0,0,1,0,0,0,0,0,1
147540,4,20155,0,0,0,1,1,0,0,0,0
218482,4,10198,0,0,0,1,0,0,1,0,0
202855,4,8260,0,1,0,0,0,0,0,0,1
213793,4,12402,0,1,0,0,0,0,0,0,1
86805,5,34110,1,0,0,0,0,1,0,0,0
100527,4,22616,0,1,0,0,0,0,0,0,1
37678,4,6361,0,1,0,0,0,1,0,0,0
215169,4,14793,0,0,1,0,0,0,0,0,1
211249,4,15767,0,0,1,0,0,1,0,0,0
96389,4,7861,0,1,0,0,0,1,0,0,0
50417,4,25847,0,1,0,0,0,1,0,0,0
178405,4,8693,0,0,1,0,0,1,0,0,0
163423,4,7193,0,0,1,0,0,1,0,0,0
63975,4,21851,0,0,0,1,0,1,0,0,0
97036,4,30114,0,0,0,1,0,0,0,0,1
54380,4,20282,0,1,0,0,0,1,0,0,0
240536,4,3247,0,0,1,0,1,0,0,0,0
188755,4,17980,0,0,0,1,0,0,0,0,1
51155,4,15960,0,0,0,1,0,1,0,0,0
94916,4,7561,0,0,0,1,0,1,0,0,0
38544,4,34286,0,0,0,1,0,1,0,0,0
113066,4,10076,0,1,0,0,0,0,0,0,1
158339,5,23287,1,0,0,0,1,0,0,0,0
33400,4,12398,0,0,0,1,0,0,0,1,0
118470,3,20075,0,0,1,0,0,0,0,0,1
89501,4,12218,0,0,0,1,0,1,0,0,0
87594,4,20100,0,0,0,1,0,0,0,0,1
32754,4,13146,0,0,1,0,0,0,1,0,0
191810,3,14189,0,0,1,0,0,0,0,1,0
61749,4,9290,0,1,0,0,1,0,0,0,0
237190,4,7800,0,0,0,1,0,1,0,0,0
166028,4,13056,0,1,0,0,0,0,0,0,1
126441,5,39738,1,0,0,0,0,1,0,0,0
58118,4,6848,0,0,0,1,0,0,1,0,0
76343,4,7097,0,1,0,0,0,1,0,0,0
188338,4,13106,0,0,0,1,0,0,0,0,1
40285,4,7846,0,0,0,1,1,0,0,0,0
74192,4,8706,0,1,0,0,0,0,0,0,1
172401,4,5454,0,0,0,1,0,0,1,0,0
78153,4,10316,0,1,0,0,0,1,0,0,0
146940,4,25133,0,0,0,1,0,0,1,0,0
193874,4,10596,0,0,1,0,0,0,0,0,1
184320,4,6978,0,1,0,0,0,1,0,0,0
66461,3,25873,0,0,1,0,0,0,0,0,1
95243,4,13559,0,1,0,0,0,0,0,1,0
84719,4,26402,0,1,0,0,0,1,0,0,0
99761,4,10547,0,0,0,1,0,1,0,0,0
150563,4,16115,0,0,1,0,0,0,0,1,0
154576,4,12553,0,0,0,1,0,1,0,0,0
211862,4,12476,0,1,0,0,0,0,0,0,1
125251,4,18306,0,0,1,0,1,0,0,0,0
90856,4,33077,0,0,0,1,0,1,0,0,0
128411,4,22746,0,1,0,0,0,0,0,0,1
24764,4,8856,0,0,0,1,1,0,0,0,0
43437,4,28013,0,1,0,0,0,0,0,0,1
25729,4,9155,0,1,0,0,0,0,0,0,1
238825,4,9530,0,1,0,0,0,0,1,0,0
206446,5,19892,1,0,0,0,0,0,1,0,0
75042,5,38128,1,0,0,0,0,0,0,0,1
42324,4,12531,0,1,0,0,0,1,0,0,0
183368,4,18198,0,0,0,1,0,0,0,0,1
141962,4,5595,0,0,1,0,0,1,0,0,0
214179,4,12872,0,0,0,1,0,0,1,0,0
195419,5,29308,1,0,0,0,0,0,0,0,1
158730,3,12104,0,0,1,0,0,1,0,0,0
28791,4,19052,0,1,0,0,0,0,0,0,1
117504,4,25874,0,0,0,1,0,0,0,0,1
63825,4,23339,0,1,0,0,0,1,0,0,0
142598,4,21830,0,0,0,1,0,0,1,0,0
88015,4,22794,0,0,0,1,0,0,0,0,1
79301,5,35004,1,0,0,0,0,1,0,0,0
241987,4,9734,0,0,0,1,0,0,0,1,0
39323,5,18691,1,0,0,0,0,0,0,1,0
209259,4,10823,0,0,1,0,0,0,0,0,1
120306,4,18346,0,1,0,0,0,0,0,1,0
148421,4,9953,0,0,0,1,0,1,0,0,0
225286,4,12086,0,0,0,1,0,1,0,0,0
108206,4,13208,0,1,0,0,0,0,0,0,1
32080,4,19936,0,0,0,1,0,0,1,0,0
61828,4,27787,0,1,0,0,0,1,0,0,0
173693,4,11092,0,1,0,0,0,1,0,0,0
194157,5,34856,1,0,0,0,0,0,0,0,1
224479,4,10456,0,0,0,1,1,0,0,0,0
232904,4,7725,0,1,0,0,0,1,0,0,0
196374,4,7032,0,0,1,0,0,0,0,0,1
48184,4,15095,0,0,0,1,0,0,0,0,1
189739,4,16730,0,0,1,0,0,0,1,0,0
164352,4,14160,0,1,0,0,0,0,0,1,0
26616,4,9521,0,1,0,0,0,1,0,0,0
203804,4,5273,0,0,0,1,0,0,0,0,1
58054,4,10180,0,0,0,1,0,0,0,0,1
63321,3,39021,1,0,0,0,0,1,0,0,0
33911,5,31296,1,0,0,0,0,0,0,1,0
173915,5,14404,1,0,0,0,0,0,0,0,1
217253,4,16603,0,0,0,1,1,0,0,0,0
228037,4,7076,0,1,0,0,0,1,0,0,0
140756,4,26954,0,0,0,1,1,0,0,0,0
179718,4,18182,0,0,1,0,0,1,0,0,0
124116,4,5386,0,0,1,0,0,1,0,0,0
65719,4,14622,0,0,1,0,0,1,0,0,0
128235,4,8327,0,0,1,0,0,0,0,1,0
157169,4,9010,0,0,1,0,0,0,0,1,0
61504,4,12046,0,1,0,0,0,0,0,1,0
242084,4,13111,0,0,0,1,0,0,0,0,1
61623,4,35760,0,0,0,1,0,0,0,0,1
46085,4,29681,0,1,0,0,0,0,1,0,0
67599,4,10516,0,1,0,0,0,0,0,0,1
59222,4,32676,0,0,0,1,0,0,0,0,1
113250,4,9675,0,1,0,0,0,0,0,0,1
237861,4,10374,0,1,0,0,1,0,0,0,0
136392,4,12146,0,1,0,0,0,1,0,0,0
29534,5,28414,1,0,0,0,0,0,0,0,1
190794,3,17917,0,0,1,0,0,0,1,0,0
223685,4,9379,0,1,0,0,0,1,0,0,0
85975,4,27640,0,1,0,0,0,0,0,0,1
23996,5,48239,1,0,0,0,0,0,0,0,1
85473,4,22002,0,0,0,1,0,1,0,0,0
236674,4,15234,0,0,0,1,0,0,0,0,1
193135,3,13005,0,0,1,0,0,1,0,0,0
20601,4,28983,0,1,0,0,0,0,0,0,1
245427,5,17520,1,0,0,0,0,1,0,0,0
106494,4,17858,0,1,0,0,0,1,0,0,0
196840,4,10646,0,0,0,1,0,0,0,0,1
116279,4,16179,0,0,1,0,0,0,0,0,1
158266,3,16391,1,0,0,0,0,1,0,0,0
195829,4,17866,0,1,0,0,0,0,0,0,1
239004,4,8566,0,0,0,1,0,1,0,0,0
238609,4,5052,0,1,0,0,0,0,0,1,0
44436,4,17317,0,0,0,1,0,0,1,0,0
224292,4,6431,0,1,0,0,0,0,0,0,1
43540,4,9263,0,0,1,0,0,0,0,0,1
37606,4,13255,0,1,0,0,0,0,1,0,0
215130,4,11768,0,0,1,0,0,0,0,0,1
198564,4,7708,0,0,0,1,1,0,0,0,0
11035,4,10602,0,1,0,0,0,0,0,1,0
197616,4,14089,0,0,0,1,0,0,0,1,0
171260,4,18524,0,1,0,0,0,0,0,0,1
20985,4,33353,0,0,0,1,0,0,0,0,1
246079,4,10872,0,1,0,0,0,0,0,0,1
133441,4,21921,0,0,1,0,0,0,0,0,1
162665,4,7042,0,0,0,1,0,0,0,1,0
44815,4,8460,0,0,0,1,0,1,0,0,0
103472,4,15184,0,0,0,1,1,0,0,0,0
234161,4,13200,0,0,1,0,0,0,0,0,1
222542,4,8834,0,0,0,1,0,1,0,0,0
230570,4,10676,0,1,0,0,0,1,0,0,0
134862,4,12353,0,0,0,1,0,0,0,0,1
55828,4,23311,0,0,0,1,0,0,0,0,1
61163,4,18375,0,1,0,0,0,0,0,0,1
108681,4,10740,0,1,0,0,0,0,0,1,0
174825,3,4863,0,0,1,0,0,1,0,0,0
203517,5,26846,1,0,0,0,0,0,1,0,0
180760,4,10380,0,0,0,1,0,0,1,0,0
52054,4,10888,0,0,0,1,0,1,0,0,0
118308,4,20237,0,0,0,1,0,1,0,0,0
12141,4,17556,0,0,0,1,0,0,0,0,1
85692,5,32887,1,0,0,0,0,1,0,0,0
104355,4,18058,0,0,1,0,0,1,0,0,0
230943,4,13560,0,0,0,1,0,0,0,0,1
64158,4,19134,0,0,0,1,0,0,0,0,1
29514,4,19357,0,1,0,0,0,0,0,0,1
94062,4,27057,0,1,0,0,0,0,1,0,0
102039,3,23868,0,0,1,0,0,0,0,0,1
179468,4,7813,0,0,0,1,0,1,0,0,0
163045,4,17035,0,1,0,0,0,0,0,1,0
165301,4,10429,0,0,0,1,0,1,0,0,0
161572,4,15088,0,0,0,1,0,1,0,0,0
151291,4,6200,0,0,0,1,0,0,1,0,0
234051,4,11616,0,0,0,1,0,1,0,0,0
232912,4,6029,0,0,0,1,0,1,0,0,0
130817,3,31392,1,0,0,0,0,1,0,0,0
135080,4,13652,0,0,0,1,0,1,0,0,0
197823,3,17860,0,0,1,0,0,1,0,0,0
170466,4,3974,0,0,0,1,0,0,0,0,1
112292,4,24834,0,0,0,1,0,0,0,0,1
195494,4,6460,0,0,1,0,0,1,0,0,0
111015,3,7252,0,0,1,0,0,1,0,0,0
247869,4,11982,0,1,0,0,0,1,0,0,0
188514,4,8038,0,0,0,1,1,0,0,0,0
165225,4,10841,0,0,0,1,0,0,1,0,0
175075,4,8064,0,1,0,0,1,0,0,0,0
187663,4,13433,0,1,0,0,0,0,0,0,1
65435,4,24949,0,0,0,1,0,0,0,1,0
80664,4,20981,0,1,0,0,0,0,0,0,1
119439,4,17340,0,0,0,1,0,0,0,0,1
97345,4,6962,0,0,0,1,0,0,0,1,0
144093,4,17036,0,1,0,0,0,1,0,0,0
73926,4,29635,0,0,1,0,0,1,0,0,0
127161,4,4871,0,0,0,1,0,0,0,0,1
40749,4,25649,0,1,0,0,0,0,0,0,1
192557,4,6672,0,0,1,0,0,1,0,0,0
117571,4,23719,0,0,0,1,0,0,0,0,1
176864,5,24938,1,0,0,0,0,0,0,0,1
191658,4,17597,0,1,0,0,0,1,0,0,0
132103,4,10439,0,0,0,1,1,0,0,0,0
47933,4,10301,0,1,0,0,0,0,0,1,0
50756,4,11738,0,0,0,1,0,0,0,0,1
196835,4,15623,0,1,0,0,0,1,0,0,0
106744,4,16223,0,1,0,0,0,1,0,0,0
96363,4,7469,0,0,0,1,0,1,0,0,0
181271,4,3974,0,0,1,0,0,0,0,0,1
103283,3,22176,1,0,0,0,0,1,0,0,0
134415,4,5125,0,0,0,1,0,0,0,0,1
155682,4,9992,0,1,0,0,1,0,0,0,0
164093,4,3893,0,0,0,1,0,0,0,0,1
119745,4,23902,0,0,0,1,0,1,0,0,0
13266,4,14502,0,0,1,0,1,0,0,0,0
145850,4,17876,0,1,0,0,0,0,0,0,1
24420,4,14198,0,0,1,0,0,0,0,0,1
213324,4,8704,0,1,0,0,0,0,0,0,1
34822,4,14613,0,1,0,0,0,0,0,0,1
180473,4,6568,0,0,0,1,0,0,0,1,0
133069,3,5008,0,0,1,0,0,0,0,0,1
71283,4,7497,0,1,0,0,0,0,0,0,1
23545,4,13932,0,1,0,0,0,1,0,0,0
178774,4,15047,0,1,0,0,1,0,0,0,0
112223,4,4753,0,0,0,1,0,1,0,0,0
198570,4,17284,0,0,0,1,0,1,0,0,0
214493,4,12434,0,0,0,1,0,0,0,0,1
64362,4,28993,0,0,1,0,0,0,0,0,1
104304,4,23017,0,1,0,0,0,1,0,0,0
71527,4,17961,0,0,1,0,0,1,0,0,0
220876,4,13308,0,1,0,0,0,0,0,0,1
76412,4,13492,0,0,1,0,0,1,0,0,0
243255,4,7378,0,0,0,1,0,1,0,0,0
103728,4,7061,0,0,1,0,0,0,0,0,1
144088,4,5838,0,1,0,0,0,0,0,0,1
196526,4,6242,0,1,0,0,0,1,0,0,0
89291,4,13703,0,1,0,0,0,0,0,0,1
18044,3,14227,0,0,1,0,0,1,0,0,0
88908,4,22155,0,0,1,0,0,0,0,0,1
24358,4,26675,0,1,0,0,0,0,0,0,1
175955,4,7598,0,0,0,1,0,0,0,0,1
223625,4,8500,0,0,0,1,0,0,0,0,1
177571,4,14318,0,0,0,1,0,0,0,0,1
227387,4,3895,0,0,0,1,0,0,0,0,1
164956,4,10834,0,0,0,1,0,1,0,0,0
85320,3,16517,1,0,0,0,0,1,0,0,0
83293,4,19337,0,0,0,1,0,0,1,0,0
210123,4,11731,0,0,0,1,0,0,0,0,1
193629,4,12745,0,0,0,1,0,0,0,0,1
241454,4,8179,0,0,0,1,0,0,0,0,1
93792,3,35264,1,0,0,0,0,1,0,0,0
157432,4,8260,0,0,0,1,0,0,0,1,0
226391,4,15879,0,1,0,0,1,0,0,0,0
152547,4,10259,0,1,0,0,0,1,0,0,0
10954,4,30439,0,0,1,0,0,1,0,0,0
83594,4,13648,0,0,0,1,0,0,0,0,1
142189,3,23336,1,0,0,0,0,1,0,0,0
210446,4,3594,0,1,0,0,0,1,0,0,0
172266,4,18327,0,1,0,0,0,1,0,0,0
169449,4,10855,0,0,0,1,0,1,0,0,0
179727,4,8980,0,0,0,1,0,0,0,0,1
244204,4,6121,0,0,0,1,0,1,0,0,0
72575,5,41294,1,0,0,0,0,1,0,0,0
55789,3,26677,1,0,0,0,0,1,0,0,0
240937,4,8201,0,0,0,1,1,0,0,0,0
193006,4,5101,0,0,0,1,0,0,0,1,0
10953,4,16636,0,1,0,0,0,0,0,0,1
18933,4,8014,0,1,0,0,0,0,0,0,1
37625,4,6241,0,1,0,0,0,1,0,0,0
176135,3,17127,0,0,1,0,0,0,0,0,1
234760,4,11411,0,1,0,0,0,1,0,0,0
128072,4,18180,0,1,0,0,0,0,0,0,1
81864,4,29293,0,0,0,1,0,1,0,0,0
149466,4,12547,0,0,0,1,0,0,0,0,1
141109,4,23130,0,0,1,0,1,0,0,0,0
189194,4,4946,0,0,0,1,0,0,0,0,1
42480,4,19720,0,0,0,1,0,1,0,0,0
146307,4,13508,0,0,0,1,0,0,0,0,1
131587,5,15652,1,0,0,0,0,0,0,1,0
98890,4,26926,0,0,0,1,0,1,0,0,0
188658,4,14312,0,0,0,1,0,1,0,0,0
45668,4,13310,0,0,1,0,0,1,0,0,0
162607,5,14074,1,0,0,0,0,0,1,0,0
149989,4,5260,0,0,0,1,0,0,0,0,1
169579,4,8089,0,1,0,0,0,0,0,1,0
36463,4,16805,0,0,0,1,0,0,0,0,1
28625,4,8753,0,1,0,0,0,0,0,0,1
100060,5,38060,1,0,0,0,0,0,0,1,0
43600,4,10030,0,0,1,0,0,0,0,0,1
52196,4,11076,0,0,0,1,0,1,0,0,0
59249,4,9108,0,0,0,1,1,0,0,0,0
127589,4,15610,0,1,0,0,0,1,0,0,0
90446,4,13251,0,0,1,0,0,0,1,0,0
59335,4,28354,0,0,1,0,1,0,0,0,0
71306,4,23747,0,0,0,1,0,1,0,0,0
73286,4,19629,0,1,0,0,0,1,0,0,0
121160,4,8380,0,0,0,1,1,0,0,0,0
63355,4,22989,0,0,1,0,0,0,0,0,1
98619,4,33324,0,0,0,1,0,1,0,0,0
200597,4,13147,0,0,0,1,0,1,0,0,0
146703,4,20642,0,1,0,0,0,0,0,0,1
133117,4,10344,0,1,0,0,0,1,0,0,0
192316,5,25490,1,0,0,0,1,0,0,0,0
127157,4,7682,0,1,0,0,0,1,0,0,0
157782,4,12592,0,0,0,1,0,1,0,0,0
193179,4,7827,0,1,0,0,0,0,0,0,1
134949,4,17622,0,1,0,0,0,0,0,0,1
216257,4,17171,0,0,0,1,0,0,0,0,1
111727,4,10101,0,1,0,0,0,0,0,1,0
86480,4,16319,0,0,0,1,0,0,0,1,0
73360,4,18653,0,0,0,1,0,1,0,0,0
164703,4,12201,0,1,0,0,0,0,0,0,1
143651,5,22597,1,0,0,0,0,0,0,0,1
58773,4,20893,0,0,0,1,1,0,0,0,0
72118,4,16892,0,0,0,1,0,0,0,0,1
14700,4,26973,0,1,0,0,0,0,0,0,1
117637,4,17256,0,0,0,1,0,0,0,0,1
129820,4,6960,0,0,1,0,0,0,0,0,1
18246,4,21684,0,1,0,0,0,0,0,0,1
141071,4,5094,0,0,0,1,0,0,0,0,1
92883,4,14931,0,1,0,0,0,0,0,0,1
119394,4,11773,0,0,0,1,0,0,1,0,0
178899,4,5222,0,0,1,0,1,0,0,0,0
172018,4,10196,0,0,0,1,0,0,0,0,1
98971,4,16226,0,0,0,1,0,1,0,0,0
215026,4,11917,0,0,1,0,0,1,0,0,0
33261,4,28104,0,1,0,0,0,0,0,1,0
185742,4,16865,0,0,0,1,0,0,0,0,1
119311,4,26816,0,0,0,1,0,1,0,0,0
153781,4,9545,0,0,1,0,0,1,0,0,0
246825,3,13647,0,0,1,0,0,0,0,0,1
225991,4,12581,0,0,0,1,1,0,0,0,0
159925,4,14028,0,0,0,1,0,0,0,1,0
51004,4,31633,0,0,1,0,0,0,0,0,1
216076,4,12152,0,0,0,1,0,0,0,0,1
231683,4,16001,0,0,0,1,0,0,0,0,1
135237,4,18358,0,0,0,1,0,1,0,0,0
193389,4,7443,0,0,1,0,0,0,0,0,1
143104,4,4589,0,0,0,1,0,0,0,0,1
146911,3,17076,1,0,0,0,0,0,0,0,1
199985,4,21007,0,0,0,1,0,0,0,0,1
74501,4,29616,0,1,0,0,0,0,0,0,1
114202,4,22505,0,0,0,1,0,0,0,0,1
66150,4,25111,0,0,0,1,0,0,0,0,1
42420,4,7376,0,1,0,0,0,1,0,0,0
111256,4,10919,0,0,1,0,0,1,0,0,0
181572,5,25763,1,0,0,0,1,0,0,0,0
186752,4,7882,0,0,1,0,0,0,0,0,1
209976,4,4200,0,0,1,0,0,0,0,1,0
81764,4,29004,0,1,0,0,0,0,1,0,0
82429,4,8979,0,0,1,0,0,0,0,0,1
221461,4,10450,0,1,0,0,1,0,0,0,0
47712,4,18029,0,1,0,0,0,0,0,0,1
166897,4,10278,0,1,0,0,0,1,0,0,0
35181,4,19175,0,0,0,1,0,1,0,0,0
222813,4,4106,0,0,0,1,1,0,0,0,0
107410,4,24990,0,0,0,1,0,0,0,0,1
14645,4,21326,0,0,0,1,0,1,0,0,0
67120,4,16732,0,0,0,1,0,1,0,0,0
162535,4,17144,0,0,1,0,0,0,0,1,0
26634,4,12024,0,0,1,0,0,0,0,0,1
118706,4,20705,0,0,0,1,0,0,1,0,0
209340,5,29140,1,0,0,0,0,0,1,0,0
38233,4,23483,0,0,1,0,0,1,0,0,0
192543,4,13213,0,0,0,1,0,1,0,0,0
152215,4,16519,0,0,1,0,0,0,0,0,1
30120,4,6357,0,1,0,0,0,1,0,0,0
68125,4,8105,0,0,0,1,0,0,0,1,0
207048,4,10663,0,0,0,1,0,1,0,0,0
126854,4,12311,0,1,0,0,0,0,0,0,1
236800,4,6174,0,1,0,0,0,0,0,1,0
180739,4,19389,0,0,1,0,0,1,0,0,0
196130,3,13707,0,0,1,0,0,0,0,1,0
164493,4,13866,0,1,0,0,0,0,1,0,0
207344,4,4941,0,1,0,0,0,1,0,0,0
228090,4,16366,0,0,1,0,0,0,0,0,1
180156,4,14086,0,0,0,1,0,1,0,0,0
110362,4,13560,0,0,0,1,0,0,0,0,1
235294,4,10597,0,1,0,0,0,0,0,0,1
43148,4,29089,0,1,0,0,0,0,0,0,1
69358,5,47260,1,0,0,0,0,1,0,0,0
124057,4,18919,0,0,0,1,0,0,0,0,1
126078,4,14442,0,0,0,1,0,1,0,0,0
224410,4,13244,0,0,1,0,0,1,0,0,0
221725,4,6742,0,0,0,1,0,0,1,0,0
35292,4,22042,0,1,0,0,0,1,0,0,0
35673,4,35683,0,0,0,1,0,0,0,0,1
205597,4,4239,0,1,0,0,0,0,0,0,1
76579,4,20511,0,1,0,0,0,1,0,0,0
137477,4,10630,0,0,1,0,0,0,0,0,1
120283,4,19376,0,1,0,0,0,0,0,0,1
51328,4,10675,0,1,0,0,1,0,0,0,0
218253,4,13176,0,0,0,1,1,0,0,0,0
39311,4,17520,0,0,0,1,0,1,0,0,0
210193,4,5653,0,0,0,1,0,0,0,0,1
27788,4,18919,0,1,0,0,1,0,0,0,0
175309,4,4034,0,1,0,0,0,0,0,0,1
111097,4,16072,0,1,0,0,1,0,0,0,0
16079,4,9954,0,1,0,0,0,0,0,1,0
89641,4,33463,0,0,0,1,0,1,0,0,0
72663,5,40032,1,0,0,0,0,1,0,0,0
86284,4,22542,0,0,0,1,0,0,0,1,0
95481,4,8687,0,1,0,0,0,0,0,0,1
214405,4,7982,0,1,0,0,0,0,0,0,1
52563,4,26078,0,1,0,0,0,0,0,0,1
113704,4,23280,0,1,0,0,0,0,0,0,1
73869,4,27744,0,1,0,0,0,1,0,0,0
95579,4,11135,0,1,0,0,0,0,0,0,1
45152,4,22825,0,1,0,0,1,0,0,0,0
194035,4,11648,0,1,0,0,0,0,1,0,0
220679,4,15508,0,0,0,1,0,1,0,0,0
102032,4,19036,0,1,0,0,0,1,0,0,0
58938,4,6602,0,0,0,1,0,0,1,0,0
148952,4,14021,0,0,0,1,0,0,0,0,1
193276,4,10522,0,0,0,1,0,1,0,0,0
189182,3,18834,0,0,1,0,0,1,0,0,0
197393,4,20879,0,0,0,1,0,0,0,0,1
42844,4,29145,0,1,0,0,0,0,0,0,1
122266,4,17664,0,0,0,1,0,0,0,0,1
240017,4,13728,0,0,0,1,0,0,0,1,0
88598,4,19373,0,0,0,1,0,0,1,0,0
216563,4,7903,0,0,0,1,0,1,0,0,0
123924,4,21236,0,1,0,0,1,0,0,0,0
185455,4,16220,0,0,0,1,0,0,0,0,1
163080,4,7973,0,0,1,0,0,0,1,0,0
53531,4,7802,0,0,0,1,0,0,0,0,1
142403,4,6803,0,1,0,0,0,1,0,0,0
127386,4,8461,0,0,1,0,0,0,0,0,1
142633,4,10402,0,0,0,1,0,0,0,0,1
215955,4,7994,0,0,0,1,0,1,0,0,0
46842,4,28655,0,0,1,0,0,1,0,0,0
86217,4,13127,0,0,1,0,0,0,0,1,0
222786,4,15233,0,1,0,0,1,0,0,0,0
130494,4,5513,0,1,0,0,0,0,0,0,1
181016,4,20521,0,0,0,1,0,0,0,0,1
96224,5,45720,1,0,0,0,0,0,0,0,1
176566,4,13257,0,1,0,0,0,1,0,0,0
171373,4,9529,0,0,0,1,0,1,0,0,0
241507,4,7724,0,0,0,1,0,0,1,0,0
86427,4,30854,0,1,0,0,0,0,0,1,0
210863,4,12112,0,0,0,1,0,0,0,0,1
216647,4,10207,0,0,0,1,0,0,0,0,1
35837,3,33198,1,0,0,0,0,1,0,0,0
166595,4,5138,0,1,0,0,0,1,0,0,0
68223,4,27530,0,1,0,0,0,1,0,0,0
223005,4,14431,0,1,0,0,0,1,0,0,0
61120,4,30374,0,1,0,0,1,0,0,0,0
83357,4,22263,0,1,0,0,0,1,0,0,0
20315,4,8137,0,0,1,0,0,0,0,0,1
152042,4,20590,0,0,0,1,0,1,0,0,0
213154,4,8192,0,1,0,0,1,0,0,0,0
24741,4,20840,0,0,1,0,0,0,0,0,1
247601,4,11162,0,0,0,1,0,1,0,0,0
40912,4,26885,0,1,0,0,0,1,0,0,0
218697,4,5157,0,0,1,0,1,0,0,0,0
26655,4,11749,0,0,0,1,0,0,0,0,1
42137,4,10298,0,1,0,0,0,0,0,0,1
71463,4,31206,0,0,0,1,1,0,0,0,0
149270,4,21953,0,0,0,1,0,1,0,0,0
66613,4,20450,0,1,0,0,0,1,0,0,0
48674,4,18976,0,0,0,1,0,0,0,0,1
123898,4,20622,0,1,0,0,0,0,0,0,1
136271,4,20242,0,0,0,1,1,0,0,0,0
119033,4,16774,0,1,0,0,1,0,0,0,0
50475,4,8164,0,1,0,0,0,1,0,0,0
42379,4,25382,0,1,0,0,0,0,0,0,1
147889,4,8916,0,1,0,0,1,0,0,0,0
76610,3,16320,0,0,1,0,0,0,1,0,0
249860,4,14524,0,0,1,0,0,1,0,0,0
113538,4,15995,0,1,0,0,0,0,0,1,0
152212,4,10580,0,1,0,0,0,0,0,0,1
26531,5,19408,1,0,0,0,0,0,0,0,1
137628,4,18142,0,0,0,1,0,0,0,0,1
33461,4,33850,0,0,0,1,0,1,0,0,0
178134,4,8870,0,1,0,0,0,0,0,0,1
74919,4,7183,0,0,0,1,0,0,0,0,1
165101,4,10377,0,1,0,0,0,0,1,0,0
235952,4,13272,0,0,1,0,0,0,0,0,1
77474,4,22924,0,0,1,0,1,0,0,0,0
121416,4,17690,0,1,0,0,0,0,0,0,1
196507,4,17065,0,1,0,0,0,1,0,0,0
95993,4,28073,0,0,0,1,0,1,0,0,0
87701,4,29656,0,0,1,0,0,0,1,0,0
192673,5,23377,1,0,0,0,0,0,0,0,1
205155,3,10287,0,0,1,0,0,0,0,0,1
242935,3,14767,1,0,0,0,0,0,0,0,1
101835,4,16110,0,1,0,0,0,0,0,1,0
26798,4,28276,0,0,0,1,1,0,0,0,0
88571,4,21431,0,0,0,1,0,0,0,1,0
49807,4,25775,0,0,0,1,0,0,0,1,0
71103,4,6884,0,0,1,0,0,0,0,0,1
237209,4,10494,0,1,0,0,0,0,0,0,1
37703,4,31343,0,0,0,1,0,0,1,0,0
26191,4,15372,0,0,0,1,0,0,0,0,1
213344,4,17052,0,0,0,1,0,1,0,0,0
28561,4,14204,0,1,0,0,0,1,0,0,0
155018,4,10024,0,0,0,1,0,1,0,0,0
120448,4,12392,0,1,0,0,0,1,0,0,0
19265,4,21451,0,0,1,0,0,0,0,0,1
40134,4,16273,0,1,0,0,0,0,0,0,1
86696,4,30320,0,0,0,1,1,0,0,0,0
23637,4,35281,0,0,0,1,0,1,0,0,0
166895,4,10061,0,0,1,0,0,0,0,1,0
19482,3,31208,0,0,1,0,0,0,0,0,1
40774,5,26834,1,0,0,0,0,1,0,0,0
202435,4,16867,0,0,0,1,0,0,0,0,1
72725,4,25735,0,0,0,1,0,0,0,0,1
63501,4,15260,0,0,0,1,0,1,0,0,0
228063,4,16308,0,0,0,1,1,0,0,0,0
143204,3,16719,0,0,1,0,0,0,0,1,0
213077,4,9168,0,0,0,1,0,0,1,0,0
209466,5,26880,1,0,0,0,0,1,0,0,0
33320,3,27888,1,0,0,0,0,0,0,0,1
236432,4,7496,0,1,0,0,0,0,0,0,1
41846,4,10241,0,1,0,0,0,1,0,0,0
38775,5,20532,1,0,0,0,0,0,0,1,0
226217,4,15413,0,0,0,1,0,1,0,0,0
211154,4,9402,0,1,0,0,0,0,0,0,1
248416,4,14717,0,0,0,1,0,0,0,0,1
200403,4,15154,0,0,1,0,0,0,0,1,0
233054,4,8930,0,0,1,0,0,0,1,0,0
138294,4,11626,0,0,0,1,0,0,0,0,1
84787,4,28414,0,0,0,1,0,1,0,0,0
176172,4,18923,0,0,0,1,0,0,0,0,1
170777,4,9649,0,0,1,0,1,0,0,0,0
235774,5,29401,1,0,0,0,0,0,0,0,1
161140,4,11364,0,1,0,0,0,1,0,0,0
189781,4,10352,0,0,0,1,0,1,0,0,0
117907,4,16908,0,1,0,0,0,0,0,0,1
213861,4,3751,0,0,0,1,0,0,1,0,0
248634,4,9919,0,0,0,1,0,0,0,1,0
38327,4,23728,0,1,0,0,1,0,0,0,0
225600,4,9492,0,1,0,0,0,0,0,0,1
54141,5,37518,1,0,0,0,1,0,0,0,0
163297,4,13263,0,1,0,0,0,1,0,0,0
24180,4,9710,0,1,0,0,0,0,0,0,1
98409,4,32863,0,0,0,1,1,0,0,0,0
228619,4,12058,0,0,0,1,0,0,0,0,1
232910,4,6690,0,1,0,0,1,0,0,0,0
28390,3,6504,0,0,1,0,0,1,0,0,0
152006,3,4165,0,0,1,0,0,0,0,0,1
107112,3,16345,0,0,1,0,0,0,1,0,0
189001,4,5843,0,1,0,0,1,0,0,0,0
48730,4,11210,0,0,1,0,0,0,0,0,1
192747,4,6750,0,0,1,0,0,0,0,0,1
177356,4,15827,0,0,0,1,0,1,0,0,0
146824,4,16285,0,0,0,1,0,0,0,0,1
64574,4,17654,0,1,0,0,0,0,0,0,1
244404,4,13334,0,0,0,1,0,0,0,0,1
66199,4,27557,0,0,1,0,0,0,0,0,1
199315,4,19453,0,0,0,1,0,1,0,0,0
203447,4,3509,0,1,0,0,0,1,0,0,0
158301,4,15297,0,1,0,0,0,1,0,0,0
82518,4,22587,0,1,0,0,0,0,0,0,1
224900,4,9104,0,1,0,0,0,1,0,0,0
56523,4,6207,0,1,0,0,0,0,0,0,1
98854,4,29876,0,0,0,1,0,0,0,1,0
151414,4,12186,0,1,0,0,1,0,0,0,0
222917,4,15673,0,0,1,0,0,0,0,0,1
67875,4,17152,0,1,0,0,0,1,0,0,0
134103,5,36109,1,0,0,0,0,1,0,0,0
177272,4,18248,0,0,1,0,0,0,0,0,1
88002,4,20219,0,1,0,0,1,0,0,0,0
112622,4,15778,0,0,0,1,1,0,0,0,0
185940,4,9685,0,0,0,1,0,0,0,1,0
172705,4,17324,0,1,0,0,0,0,0,1,0
105837,4,23844,0,0,0,1,0,0,0,0,1
124205,4,6917,0,0,0,1,0,0,0,0,1
87997,4,28596,0,0,1,0,0,0,0,0,1
148238,4,11303,0,1,0,0,0,0,0,0,1
10217,4,22883,0,0,0,1,0,0,0,0,1
57905,3,50868,1,0,0,0,0,0,0,0,1
70154,4,27852,0,1,0,0,0,0,0,0,1
165375,5,26540,1,0,0,0,0,1,0,0,0
223727,4,12901,0,0,0,1,0,0,0,0,1
81656,4,14282,0,0,0,1,0,0,0,0,1
189278,4,9222,0,0,0,1,0,0,0,1,0
227845,5,11298,1,0,0,0,0,0,0,0,1
13116,4,16464,0,1,0,0,0,0,0,0,1
69222,4,29363,0,0,0,1,0,0,0,0,1
197664,4,12950,0,1,0,0,0,1,0,0,0
146848,4,7286,0,0,0,1,1,0,0,0,0
76252,4,9500,0,1,0,0,0,1,0,0,0
121791,4,6920,0,1,0,0,0,0,0,0,1
77978,4,18199,0,1,0,0,0,1,0,0,0
235792,4,10726,0,0,0,1,0,0,0,0,1
197498,4,6956,0,0,0,1,1,0,0,0,0
129188,4,17609,0,0,0,1,0,0,0,0,1
223875,4,12650,0,0,0,1,0,1,0,0,0
96785,4,22949,0,0,1,0,0,1,0,0,0
187380,4,4022,0,1,0,0,0,0,0,0,1
11049,3,19500,1,0,0,0,1,0,0,0,0
76416,4,21653,0,0,0,1,0,1,0,0,0
228678,5,18557,1,0,0,0,0,0,0,0,1
47404,4,23554,0,1,0,0,0,0,0,1,0
172493,4,14698,0,0,0,1,0,0,1,0,0
11119,4,20845,0,1,0,0,0,0,0,0,1
201190,3,16705,1,0,0,0,1,0,0,0,0
192890,4,20130,0,0,0,1,0,1,0,0,0
72287,4,13934,0,0,0,1,1,0,0,0,0
115739,4,8513,0,0,0,1,1,0,0,0,0
208651,4,13722,0,1,0,0,0,0,1,0,0
195105,3,7823,0,0,1,0,0,1,0,0,0
240627,4,5285,0,0,0,1,0,1,0,0,0
37983,3,30020,1,0,0,0,0,1,0,0,0
168854,5,23240,1,0,0,0,0,0,0,0,1
60499,5,11708,1,0,0,0,0,1,0,0,0
46848,4,17795,0,0,0,1,0,0,0,0,1
233501,4,2796,0,0,1,0,0,1,0,0,0
97042,4,8203,0,0,0,1,1,0,0,0,0
113987,4,4968,0,0,1,0,0,0,0,1,0
223555,4,11854,0,0,1,0,0,0,1,0,0
63686,4,14432,0,0,1,0,0,1,0,0,0
147230,4,16645,0,0,0,1,0,0,0,0,1
21146,4,23064,0,1,0,0,0,1,0,0,0
166679,4,18222,0,0,0,1,0,1,0,0,0
108794,4,15962,0,1,0,0,0,0,0,1,0
229110,4,17258,0,0,0,1,0,1,0,0,0
90110,4,21679,0,0,1,0,0,0,0,1,0
217068,4,4358,0,1,0,0,0,1,0,0,0
133270,4,21612,0,1,0,0,1,0,0,0,0
202862,4,17635,0,0,0,1,0,0,1,0,0
136340,4,19271,0,1,0,0,0,0,0,0,1
209457,4,14590,0,0,0,1,0,0,1,0,0
224986,4,11233,0,0,0,1,1,0,0,0,0
201964,4,13637,0,0,0,1,0,0,1,0,0
63800,4,26308,0,1,0,0,0,1,0,0,0
61337,4,28830,0,0,0,1,0,1,0,0,0
190532,4,8479,0,1,0,0,0,1,0,0,0
161870,4,7157,0,0,0,1,0,0,0,0,1
212644,5,19545,1,0,0,0,0,1,0,0,0
30334,4,35687,0,0,0,1,0,0,0,0,1
158337,4,4733,0,1,0,0,1,0,0,0,0
219137,4,5865,0,0,1,0,0,0,0,0,1
140913,4,15967,0,0,0,1,1,0,0,0,0
195239,4,14944,0,1,0,0,0,1,0,0,0
178351,4,14331,0,1,0,0,0,0,0,0,1
152243,5,20108,1,0,0,0,0,0,1,0,0
245977,4,11036,0,0,0,1,0,0,0,0,1
32748,4,30323,0,0,0,1,0,0,0,0,1
60344,4,13966,0,0,0,1,0,0,1,0,0
244434,4,8253,0,1,0,0,0,1,0,0,0
198923,4,5135,0,0,1,0,0,0,0,0,1
128294,4,13608,0,0,0,1,0,0,0,0,1
179255,5,33040,1,0,0,0,0,1,0,0,0
22257,4,27868,0,0,0,1,0,0,0,0,1
85800,4,20503,0,0,0,1,0,0,0,0,1
190211,4,4454,0,0,0,1,0,0,0,1,0
103202,4,13394,0,0,0,1,0,1,0,0,0
48777,4,7910,0,1,0,0,0,1,0,0,0
18812,4,22643,0,0,0,1,0,0,0,0,1
29541,4,8690,0,1,0,0,0,0,0,0,1
123224,4,16488,0,1,0,0,0,0,0,1,0
192655,4,12609,0,1,0,0,0,0,0,0,1
219420,4,8952,0,0,0,1,0,1,0,0,0
185146,4,4566,0,0,0,1,0,0,0,0,1
77677,4,10638,0,0,0,1,0,0,0,1,0
211504,4,14084,0,0,1,0,0,0,0,0,1
88519,4,18640,0,0,0,1,0,0,1,0,0
78123,4,24629,0,0,0,1,0,0,0,0,1
201039,4,16879,0,0,0,1,0,0,0,0,1
229929,4,9803,0,0,1,0,0,0,1,0,0
83309,5,45509,1,0,0,0,0,0,0,0,1
148473,4,23386,0,0,0,1,0,0,0,0,1
10247,4,32566,0,0,0,1,0,0,0,0,1
50363,5,30104,1,0,0,0,0,1,0,0,0
187630,4,15810,0,1,0,0,0,1,0,0,0
192250,4,10962,0,0,1,0,1,0,0,0,0
95725,4,12523,0,0,0,1,0,0,0,0,1
136279,4,5933,0,1,0,0,0,0,0,0,1
239554,4,10747,0,0,0,1,0,0,0,0,1
100884,4,5145,0,1,0,0,0,0,0,0,1
124112,4,7217,0,0,1,0,0,0,0,1,0
114699,4,16016,0,0,1,0,0,0,0,0,1
198983,4,18440,0,0,0,1,0,1,0,0,0
201753,4,15097,0,0,0,1,1,0,0,0,0
195056,4,11140,0,0,1,0,0,0,0,0,1
30080,4,18429,0,1,0,0,0,0,0,0,1
171303,4,10821,0,1,0,0,0,1,0,0,0
220026,4,9554,0,0,0,1,0,0,0,1,0
154013,4,10130,0,1,0,0,0,0,0,0,1
190406,4,20867,0,0,0,1,0,1,0,0,0
175134,5,29487,1,0,0,0,0,0,0,1,0
100107,4,9878,0,0,0,1,0,0,0,0,1
117440,5,17322,1,0,0,0,0,0,1,0,0
188036,4,18866,0,0,0,1,0,1,0,0,0
34521,4,30191,0,0,0,1,0,1,0,0,0
69954,4,20938,0,0,1,0,0,1,0,0,0
149413,5,36864,1,0,0,0,0,0,0,1,0
235589,4,5905,0,0,1,0,0,0,1,0,0
125939,4,10349,0,0,0,1,0,1,0,0,0
248301,4,14026,0,1,0,0,0,0,0,0,1
248899,4,5834,0,1,0,0,0,1,0,0,0
209485,4,13474,0,0,1,0,0,1,0,0,0
62712,4,24342,0,0,0,1,0,0,0,0,1
112156,5,12904,1,0,0,0,0,0,1,0,0
243177,4,3125,0,0,0,1,0,0,1,0,0
93593,4,29638,0,0,0,1,0,0,0,0,1
94225,4,28599,0,1,0,0,0,0,1,0,0
48684,4,33817,0,0,0,1,0,1,0,0,0
107799,4,13417,0,0,0,1,0,0,0,1,0
112103,4,7898,0,0,0,1,0,0,0,0,1
74984,4,16766,0,0,0,1,0,0,0,0,1
129040,5,32353,1,0,0,0,0,1,0,0,0
166735,4,7350,0,0,1,0,0,0,0,0,1
129883,4,23945,0,0,1,0,0,0,0,0,1
245327,4,8226,0,1,0,0,0,0,0,0,1
51788,4,6480,0,0,0,1,0,0,0,0,1
31277,5,18139,1,0,0,0,0,1,0,0,0
43191,4,14254,0,0,1,0,0,0,0,0,1
191024,3,9450,0,0,1,0,0,1,0,0,0
61876,4,5922,0,0,1,0,0,0,0,0,1
69066,5,22784,1,0,0,0,0,0,0,0,1
40635,4,12402,0,1,0,0,0,1,0,0,0
13050,4,9074,0,0,0,1,0,0,0,1,0
27426,4,26813,0,1,0,0,0,0,0,0,1
110078,4,13650,0,0,0,1,0,0,1,0,0
118286,5,14145,1,0,0,0,0,0,0,0,1
212920,3,11733,1,0,0,0,0,0,0,0,1
45513,5,38984,1,0,0,0,0,0,0,0,1
231825,4,12988,0,1,0,0,1,0,0,0,0
112968,4,18962,0,0,0,1,0,0,0,0,1
118609,4,5465,0,1,0,0,0,0,0,1,0
100657,4,26374,0,0,0,1,0,0,0,0,1
210870,4,16652,0,0,0,1,0,0,0,1,0
218519,4,5201,0,0,0,1,0,0,0,0,1
211735,4,14132,0,1,0,0,0,0,0,1,0
124924,4,19832,0,1,0,0,0,0,0,0,1
14497,4,19838,0,0,0,1,0,0,0,0,1
225284,4,12408,0,0,0,1,0,0,0,0,1
236760,4,12362,0,1,0,0,0,1,0,0,0
200219,4,4606,0,1,0,0,0,1,0,0,0
27139,4,22921,0,0,0,1,1,0,0,0,0
204746,5,24494,1,0,0,0,1,0,0,0,0
106475,4,24242,0,0,0,1,0,0,1,0,0
152410,5,21580,1,0,0,0,0,0,0,0,1
63832,4,6698,0,0,0,1,0,0,0,0,1
73869,4,19572,0,0,0,1,0,0,0,0,1
49310,4,27146,0,0,1,0,0,0,0,0,1
244095,5,25780,1,0,0,0,0,1,0,0,0
229055,4,10865,0,0,0,1,0,1,0,0,0
144944,4,22873,0,0,0,1,1,0,0,0,0
10148,4,27337,0,0,1,0,1,0,0,0,0
181466,4,14388,0,0,0,1,0,1,0,0,0
248815,4,9785,0,0,0,1,0,0,0,0,1
56534,4,6676,0,1,0,0,0,0,0,0,1
48277,4,11406,0,0,1,0,0,0,0,0,1
212623,4,9073,0,0,0,1,0,0,1,0,0
28809,4,22139,0,0,0,1,0,0,0,0,1
237448,4,16202,0,0,0,1,0,1,0,0,0
23241,4,14203,0,0,0,1,0,1,0,0,0
135032,3,6214,0,0,1,0,0,0,0,0,1
213449,3,7425,0,0,1,0,0,0,0,0,1
84327,5,38233,1,0,0,0,0,0,0,0,1
104722,4,21006,0,0,0,1,0,0,0,0,1
196225,4,19812,0,0,0,1,0,0,0,0,1
39835,4,23840,0,1,0,0,0,1,0,0,0
16274,5,52458,1,0,0,0,0,0,0,0,1
149704,5,9362,1,0,0,0,0,0,0,1,0
237645,3,15861,0,0,1,0,0,0,0,0,1
232696,5,26940,1,0,0,0,0,0,0,0,1
40598,4,24122,0,0,1,0,0,0,0,0,1
83345,4,6476,0,0,1,0,0,0,0,0,1
234146,3,12522,0,0,1,0,0,1,0,0,0
239908,4,6567,0,0,1,0,1,0,0,0,0
245239,4,11182,0,1,0,0,0,0,0,0,1
152772,3,14588,1,0,0,0,0,1,0,0,0
134825,4,17315,0,1,0,0,1,0,0,0,0
66633,4,7300,0,0,0,1,0,0,0,0,1
228279,4,13519,0,1,0,0,0,1,0,0,0
231659,4,9826,0,1,0,0,1,0,0,0,0
19134,4,23439,0,0,1,0,0,0,0,0,1
149927,4,8321,0,0,0,1,0,1,0,0,0
98523,4,29959,0,1,0,0,0,0,0,1,0
161712,4,13546,0,1,0,0,0,0,0,0,1
113278,3,15666,0,0,1,0,0,0,0,1,0
65241,4,11454,0,0,0,1,0,0,1,0,0
101311,4,5421,0,1,0,0,0,0,0,0,1
161699,4,5594,0,0,1,0,0,0,0,0,1
176660,5,14134,1,0,0,0,0,0,0,1,0
31418,4,22816,0,1,0,0,0,0,0,0,1
143520,4,7433,0,0,1,0,0,0,0,0,1
149655,4,14650,0,0,0,1,0,0,0,0,1
122453,4,24178,0,0,0,1,0,0,0,0,1
21083,4,35333,0,0,0,1,0,0,0,0,1
219635,4,12216,0,1,0,0,0,0,0,0,1
203302,4,5548,0,0,1,0,0,0,1,0,0
178863,4,5168,0,1,0,0,0,1,0,0,0
148518,4,25104,0,0,0,1,0,0,0,1,0
143649,4,7874,0,1,0,0,1,0,0,0,0
153074,4,17487,0,0,1,0,0,0,0,1,0
53474,4,19913,0,1,0,0,0,0,0,0,1
166046,4,7955,0,0,0,1,0,0,0,1,0
228192,4,12641,0,0,1,0,0,1,0,0,0
221076,4,8786,0,0,0,1,0,1,0,0,0
88224,4,24304,0,0,0,1,0,0,0,0,1
156064,5,17105,1,0,0,0,0,0,0,1,0
132714,4,17076,0,0,0,1,0,0,1,0,0
17609,4,27516,0,0,0,1,0,1,0,0,0
43171,4,24354,0,0,0,1,1,0,0,0,0
57558,3,16622,0,0,1,0,0,1,0,0,0
52414,4,11548,0,1,0,0,0,0,0,0,1
186495,4,14849,0,1,0,0,0,0,0,0,1
136022,4,21188,0,0,1,0,0,0,0,0,1
102773,5,29551,1,0,0,0,0,0,0,0,1
92777,4,32509,0,0,0,1,0,1,0,0,0
103682,4,10261,0,0,0,1,1,0,0,0,0
90508,4,33758,0,0,0,1,1,0,0,0,0
39639,3,12315,0,0,1,0,0,0,0,1,0
26824,4,28422,0,1,0,0,0,1,0,0,0
186786,4,10140,0,0,1,0,0,0,0,0,1
208131,4,13070,0,1,0,0,0,0,0,0,1
239760,4,4896,0,0,0,1,0,0,0,0,1
96308,4,15010,0,1,0,0,0,1,0,0,0
107043,4,7126,0,0,0,1,0,0,0,0,1
39753,4,34231,0,0,0,1,0,1,0,0,0
168261,4,14691,0,1,0,0,0,1,0,0,0
94941,4,27598,0,1,0,0,1,0,0,0,0
26839,5,15224,1,0,0,0,0,0,1,0,0
227278,4,9319,0,0,1,0,0,0,0,0,1
45207,5,35254,1,0,0,0,0,1,0,0,0
186309,4,16416,0,0,0,1,0,1,0,0,0
178164,3,24891,1,0,0,0,1,0,0,0,0
137690,4,17939,0,1,0,0,0,0,0,0,1
237627,4,8430,0,1,0,0,0,0,1,0,0
155383,4,14345,0,0,0,1,0,0,0,0,1
22409,4,10429,0,1,0,0,0,0,0,0,1
95317,4,7435,0,0,0,1,0,1,0,0,0
128016,4,16835,0,0,0,1,0,1,0,0,0
85739,5,48419,1,0,0,0,0,0,0,0,1
17975,4,17940,0,0,0,1,1,0,0,0,0
230314,4,6720,0,0,0,1,0,1,0,0,0
129454,4,6446,0,0,0,1,0,0,0,0,1
238172,4,13273,0,1,0,0,0,0,0,0,1
183330,4,14671,0,0,0,1,0,0,0,1,0
157235,4,4196,0,0,1,0,0,1,0,0,0
216250,4,9691,0,1,0,0,0,1,0,0,0
71934,4,26882,0,1,0,0,0,0,0,0,1
215235,4,3825,0,1,0,0,0,0,0,0,1
248736,4,8358,0,0,1,0,1,0,0,0,0
41735,4,13928,0,0,0,1,0,0,0,1,0
173408,4,8082,0,0,0,1,0,0,0,0,1
235985,4,9184,0,1,0,0,0,1,0,0,0
54721,4,27419,0,1,0,0,0,0,1,0,0
162523,4,4696,0,0,1,0,1,0,0,0,0
163322,3,31666,1,0,0,0,0,1,0,0,0
35820,4,32042,0,0,0,1,1,0,0,0,0
155144,3,5716,0,0,1,0,0,0,0,0,1
66604,4,31570,0,0,1,0,0,1,0,0,0
215883,4,4001,0,1,0,0,0,0,0,0,1
248360,4,12732,0,0,0,1,0,1,0,0,0
